,N,P,K,temperature,humidity,ph,rainfall
N,1.0,-0.23145957738457262,-0.14051183844915763,0.026503796219081235,0.19068837919787315,0.09668284622242848,0.05902022369254324
P,-0.23145957738457262,1.0,0.736232217244661,-0.12754112864533876,-0.11873411647954892,-0.13801889348863647,-0.063839051330259
K,-0.14051183844915763,0.736232217244661,1.0,-0.16038713278089597,0.1908588608364631,-0.16950309817325426,-0.05346135449256889
temperature,0.026503796219081235,-0.12754112864533876,-0.16038713278089597,1.0,0.2053196766307067,-0.01779501709456252,-0.030083780898041278
humidity,0.19068837919787315,-0.11873411647954892,0.1908588608364631,0.2053196766307067,1.0,-0.008482538638190033,0.09442305334855393
ph,0.09668284622242848,-0.13801889348863647,-0.16950309817325426,-0.01779501709456252,-0.008482538638190033,1.0,-0.1090694837028321
rainfall,0.05902022369254324,-0.063839051330259,-0.05346135449256889,-0.030083780898041278,0.09442305334855393,-0.1090694837028321,1.0
