,N,P,K,temperature,humidity,ph,rainfall
N,1362.88953739303,-281.8600959113647,-262.72714705031217,4.954622249709701,156.7307003446645,2.7623948239062197,119.74714558932118
P,-281.8600959113647,1088.0684600438215,1229.9986473190293,-21.30347754466579,-87.1973233395787,-3.523486791965247,-115.73068545018319
K,-262.72714705031217,1229.9986473190293,2565.2128686593082,-41.13422930345915,215.21550199586443,-6.644240458152836,-148.81121162865944
temperature,4.954622249709701,-21.30347754466579,-41.13422930345915,25.641549883585146,23.14740049152335,-0.06973913260367195,-8.372179732272071
humidity,156.7307003446645,-87.1973233395787,215.21550199586443,23.14740049152335,495.6773065043801,-0.14616095109920918,115.53446246823235
ph,2.7623948239062197,-3.523486791965247,-6.644240458152836,-0.06973913260367195,-0.14616095109920918,0.5989795449530253,-4.639201574051079
rainfall,119.74714558932118,-115.73068545018319,-148.81121162865944,-8.372179732272071,115.53446246823235,-4.639201574051079,3020.4244692514567
