,count,mean,median,mode,variance,std_dev,min,25%,50%,75%,max,range,skewness,kurtosis
K,2200,48.14909090909091,32.0,17.0,2565.212868659308,50.64793054666013,5.0,20.0,32.0,49.0,205.0,200.0,2.373547499838119,4.436522649134237
N,2200,50.551818181818184,37.0,22.0,1362.88953739303,36.9173338337566,0.0,21.0,37.0,84.25,140.0,140.0,0.5093737660143558,-1.0585623483258275
P,2200,53.36272727272727,51.0,60.0,1088.0684600438217,32.98588273858715,5.0,28.0,51.0,68.0,145.0,140.0,1.0100832494748144,0.8555987862061758
humidity,2200,71.48177921778637,80.473145665,14.25803981,495.67730650437994,22.263811589761083,14.25803981,60.2619528025,80.473145665,89.948770755,99.98187601,85.7238362,-1.090963432252511,0.29872180495931655
ph,2200,6.469480065256364,6.42504527,3.504752314,0.5989795449530254,0.7739376880298733,3.504752314,5.97169279925,6.42504527,6.923642621250002,9.93509073,6.430338416000001,0.28373581264394143,1.6490951298476855
rainfall,2200,103.46365541576817,94.86762427,20.21126747,3020.4244692514562,54.95838852487813,20.21126747,64.55168599999999,94.86762427,124.2675078,298.5601175,278.34885003,0.9650977586362035,0.6029744037684268
temperature,2200,25.616243851779544,25.5986932,8.825674745,25.64154988358514,5.063748599958843,8.825674745,22.7693746325,25.5986932,28.5616539325,43.67549305,34.849818305,0.1848066198224024,1.2270293391502678
